id,username,last_name,email,first_name
1,alortz0,Lortz,alortz0@bravesites.com,Andree
2,mronan1,Ronan,mronan1@loc.gov,Mavra
3,drusbridge2,Rusbridge,drusbridge2@latimes.com,Debra
4,diglesia3,Iglesia,diglesia3@homestead.com,Dotti
5,mghio4,Ghio,mghio4@ca.gov,Mareah
6,mancliffe5,Ancliffe,mancliffe5@sourceforge.net,Murdock
7,ksuttell6,Suttell,ksuttell6@yahoo.co.jp,Kerby
8,mhellcat7,Hellcat,mhellcat7@cbc.ca,Merci
9,glilie8,Lilie,glilie8@sourceforge.net,Guntar
10,gepinoy9,Epinoy,gepinoy9@craigslist.org,Gwendolin
11,achellenhama,Chellenham,achellenhama@unc.edu,Ambur
12,vherrerob,Herrero,vherrerob@addthis.com,Viviene
13,chyldenc,Hylden,chyldenc@who.int,Cristen
14,afarnand,Farnan,afarnand@addthis.com,Arabela
15,rgroome,Groom,rgroome@github.io,Reg
16,kkennetf,Kennet,kkennetf@ftc.gov,Kimball
17,dzimag,Zima,dzimag@cpanel.net,Dov
18,jegdaleh,Egdale,jegdaleh@huffingtonpost.com,Juliet
19,hgathi,Gath,hgathi@eepurl.com,Harwell
20,fhothersallj,Hothersall,fhothersallj@upenn.edu,Ferdinanda
21,rsticklerk,Stickler,rsticklerk@amazon.co.jp,Rey
22,rguilaynl,Guilayn,rguilaynl@sohu.com,Ramsay
23,lcrokem,Croke,lcrokem@cdbaby.com,Lida
24,tedesonn,Edeson,tedesonn@forbes.com,Timotheus
25,pshilburneo,Shilburne,pshilburneo@icq.com,Pepita
26,ddebellp,Debell,ddebellp@jimdo.com,Donalt
27,bloftsq,Lofts,bloftsq@bigcartel.com,Burt
28,cpalesr,Pales,cpalesr@myspace.com,Cornie
29,usaunieres,Sauniere,usaunieres@feedburner.com,Udall
30,ttimblettt,Timblett,ttimblettt@reuters.com,Tallou
31,jweineu,Weine,jweineu@sun.com,Jard
32,dlonginav,Longina,dlonginav@ca.gov,Dennie
33,ypaleyw,Paley,ypaleyw@latimes.com,Yves
34,cradbondx,Radbond,cradbondx@bbb.org,Charmain
35,aboswoody,Boswood,aboswoody@soundcloud.com,Ara
36,aritmeyerz,Ritmeyer,aritmeyerz@reuters.com,Arlen
37,mcuffe10,Cuffe,mcuffe10@naver.com,Millicent
38,hradbourne11,Radbourne,hradbourne11@opera.com,Harriot
39,hjefferson12,Jefferson,hjefferson12@craigslist.org,Hurlee
40,tduddell13,Duddell,tduddell13@xinhuanet.com,Towney
41,jgrayston14,Grayston,jgrayston14@cpanel.net,Joanie
42,mbarradell15,Barradell,mbarradell15@un.org,Marci
43,cwebb16,Webb,cwebb16@shutterfly.com,Christophorus
44,jquinlan17,Quinlan,jquinlan17@imdb.com,Jdavie
45,ufiske18,Fiske,ufiske18@microsoft.com,Udall
46,blomond19,Lomond,blomond19@hatena.ne.jp,Barty
47,lkybbye1a,Kybbye,lkybbye1a@livejournal.com,Luelle
48,jaubert1b,Aubert,jaubert1b@mediafire.com,Jolynn
49,mgaggen1c,Gaggen,mgaggen1c@ted.com,Mellie
50,oklimuk1d,Klimuk,oklimuk1d@discuz.net,Odie
